,V1,V2,V3,V4
8,audio_features.energy,0,0,Echonest
7,audio_features.danceability,5.93E-303,2.98E-300,Echonest
6,audio_features.acousticness,3.48E-292,1.75E-289,Echonest
11,audio_features.speechiness,2.44E-164,1.23E-161,Echonest
9,audio_features.instrumentalness,2.46E-152,1.24E-149,Echonest
10,audio_features.liveness,1.11E-110,5.57E-108,Echonest
13,audio_features.valence,4.69E-99,2.36E-96,Echonest
2,social_features.artist_familiarity,3.02E-91,1.52E-88,Echonest
12,audio_features.tempo,2.57E-68,1.29E-65,Echonest
1,social_features.artist_discovery,4.54E-51,2.28E-48,Echonest
3,social_features.artist_hotttnesss,2.91E-36,1.46E-33,Echonest
5,social_features.song_hotttnesss,1.07E-15,5.38E-13,Echonest
4,social_features.song_currency,0.909199549,1,Echonest
286,mfcc.max.01,0,0,LibROSA
288,mfcc.max.03,0,0,LibROSA
289,mfcc.max.04,0,0,LibROSA
291,mfcc.max.06,0,0,LibROSA
306,mfcc.mean.01,0,0,LibROSA
309,mfcc.mean.04,0,0,LibROSA
311,mfcc.mean.06,0,0,LibROSA
312,mfcc.mean.07,0,0,LibROSA
313,mfcc.mean.08,0,0,LibROSA
314,mfcc.mean.09,0,0,LibROSA
315,mfcc.mean.10,0,0,LibROSA
317,mfcc.mean.12,0,0,LibROSA
326,mfcc.median.01,0,0,LibROSA
329,mfcc.median.04,0,0,LibROSA
331,mfcc.median.06,0,0,LibROSA
332,mfcc.median.07,0,0,LibROSA
333,mfcc.median.08,0,0,LibROSA
334,mfcc.median.09,0,0,LibROSA
335,mfcc.median.10,0,0,LibROSA
337,mfcc.median.12,0,0,LibROSA
440,spectralcontrast.max.07,0,0,LibROSA
442,spectralcontrast.mean.02,0,0,LibROSA
444,spectralcontrast.mean.04,0,0,LibROSA
445,spectralcontrast.mean.05,0,0,LibROSA
451,spectralcontrast.median.04,0,0,LibROSA
452,spectralcontrast.median.05,0,0,LibROSA
481,spectralrolloff.skew.01,0,0,LibROSA
450,spectralcontrast.median.03,6.67808089307417e-310,3.36E-307,LibROSA
209,chromastft.mean.04,6.79E-301,3.41E-298,LibROSA
328,mfcc.median.03,7.27E-300,3.66E-297,LibROSA
443,spectralcontrast.mean.03,2.13E-297,1.07E-294,LibROSA
222,chromastft.median.05,7.71E-296,3.88E-293,LibROSA
221,chromastft.median.04,4.39E-294,2.21E-291,LibROSA
210,chromastft.mean.05,4.03E-293,2.03E-290,LibROSA
418,spectralbandwidth.skew.01,8.65E-291,4.35E-288,LibROSA
207,chromastft.mean.02,5.16E-289,2.59E-286,LibROSA
213,chromastft.mean.08,6.54E-289,3.29E-286,LibROSA
224,chromastft.median.07,4.43E-283,2.23E-280,LibROSA
425,spectralcentroid.skew.01,8.73E-283,4.39E-280,LibROSA
316,mfcc.mean.11,2.18E-278,1.10E-275,LibROSA
223,chromastft.median.06,7.73E-278,3.89E-275,LibROSA
225,chromastft.median.08,3.24E-274,1.63E-271,LibROSA
339,mfcc.median.14,1.18E-273,5.92E-271,LibROSA
228,chromastft.median.11,2.39E-272,1.20E-269,LibROSA
220,chromastft.median.03,1.14E-271,5.73E-269,LibROSA
447,spectralcontrast.mean.07,1.77E-270,8.91E-268,LibROSA
454,spectralcontrast.median.07,2.21E-270,1.11E-267,LibROSA
219,chromastft.median.02,8.25E-266,4.15E-263,LibROSA
214,chromastft.mean.09,1.49E-264,7.51E-262,LibROSA
226,chromastft.median.09,6.57E-262,3.31E-259,LibROSA
295,mfcc.max.10,6.01E-259,3.02E-256,LibROSA
482,spectralrolloff.std.01,1.03E-256,5.17E-254,LibROSA
246,chromastft.skew.05,3.72E-253,1.87E-250,LibROSA
227,chromastft.median.10,7.70E-253,3.87E-250,LibROSA
218,chromastft.median.01,8.49E-252,4.27E-249,LibROSA
336,mfcc.median.11,3.36E-251,1.69E-248,LibROSA
229,chromastft.median.12,7.96E-248,4.00E-245,LibROSA
464,spectralcontrast.skew.03,2.14E-246,1.08E-243,LibROSA
319,mfcc.mean.14,9.21E-246,4.63E-243,LibROSA
215,chromastft.mean.10,1.88E-243,9.45E-241,LibROSA
206,chromastft.mean.01,4.66E-243,2.34E-240,LibROSA
391,mfcc.std.06,4.74E-240,2.38E-237,LibROSA
217,chromastft.mean.12,2.31E-235,1.16E-232,LibROSA
208,chromastft.mean.03,3.92E-232,1.97E-229,LibROSA
426,spectralcentroid.std.01,5.31E-231,2.67E-228,LibROSA
393,mfcc.std.08,8.00E-229,4.02E-226,LibROSA
293,mfcc.max.08,1.93E-224,9.71E-222,LibROSA
415,spectralbandwidth.mean.01,1.08E-222,5.45E-220,LibROSA
463,spectralcontrast.skew.02,9.17E-222,4.61E-219,LibROSA
394,mfcc.std.09,5.47E-220,2.75E-217,LibROSA
420,spectralcentroid.kurtosis.01,1.29E-217,6.50E-215,LibROSA
216,chromastft.mean.11,1.50E-214,7.54E-212,LibROSA
412,rmse.std.01,4.43E-207,2.23E-204,LibROSA
299,mfcc.max.14,3.06E-206,1.54E-203,LibROSA
389,mfcc.std.04,8.58E-204,4.32E-201,LibROSA
416,spectralbandwidth.median.01,2.08E-202,1.05E-199,LibROSA
523,tonnetz.std.05,4.02E-199,2.02E-196,LibROSA
458,spectralcontrast.min.04,3.98E-198,2.00E-195,LibROSA
321,mfcc.mean.16,1.82E-195,9.17E-193,LibROSA
341,mfcc.median.16,1.85E-195,9.29E-193,LibROSA
292,mfcc.max.07,1.20E-194,6.04E-192,LibROSA
392,mfcc.std.07,2.91E-194,1.46E-191,LibROSA
522,tonnetz.std.04,7.19E-184,3.62E-181,LibROSA
297,mfcc.max.12,2.15E-182,1.08E-179,LibROSA
349,mfcc.min.04,3.22E-182,1.62E-179,LibROSA
457,spectralcontrast.min.03,1.26E-181,6.35E-179,LibROSA
343,mfcc.median.18,9.95E-181,5.00E-178,LibROSA
245,chromastft.skew.04,3.59E-180,1.81E-177,LibROSA
323,mfcc.mean.18,7.31E-178,3.67E-175,LibROSA
465,spectralcontrast.skew.04,1.72E-176,8.64E-174,LibROSA
325,mfcc.mean.20,6.37E-173,3.20E-170,LibROSA
521,tonnetz.std.03,2.49E-168,1.25E-165,LibROSA
437,spectralcontrast.max.04,1.20E-166,6.05E-164,LibROSA
419,spectralbandwidth.std.01,4.29E-166,2.16E-163,LibROSA
456,spectralcontrast.min.02,2.11E-165,1.06E-162,LibROSA
462,spectralcontrast.skew.01,3.06E-161,1.54E-158,LibROSA
300,mfcc.max.15,5.82E-161,2.93E-158,LibROSA
302,mfcc.max.17,6.80E-158,3.42E-155,LibROSA
327,mfcc.median.02,1.77E-155,8.91E-153,LibROSA
386,mfcc.std.01,1.29E-154,6.48E-152,LibROSA
345,mfcc.median.20,1.33E-153,6.68E-151,LibROSA
307,mfcc.mean.02,2.48E-152,1.25E-149,LibROSA
305,mfcc.max.20,1.44E-151,7.25E-149,LibROSA
358,mfcc.min.13,5.95E-151,2.99E-148,LibROSA
441,spectralcontrast.mean.01,6.67E-150,3.35E-147,LibROSA
395,mfcc.std.10,3.52E-148,1.77E-145,LibROSA
448,spectralcontrast.median.01,4.39E-148,2.21E-145,LibROSA
475,spectralcontrast.std.07,9.44E-148,4.75E-145,LibROSA
390,mfcc.std.05,2.19E-147,1.10E-144,LibROSA
387,mfcc.std.02,8.89E-147,4.47E-144,LibROSA
368,mfcc.skew.03,1.20E-145,6.03E-143,LibROSA
251,chromastft.skew.10,6.56E-144,3.30E-141,LibROSA
413,spectralbandwidth.kurtosis.01,7.35E-144,3.70E-141,LibROSA
301,mfcc.max.16,2.21E-142,1.11E-139,LibROSA
478,spectralrolloff.mean.01,4.30E-141,2.16E-138,LibROSA
479,spectralrolloff.median.01,5.78E-137,2.91E-134,LibROSA
472,spectralcontrast.std.04,6.81E-137,3.43E-134,LibROSA
294,mfcc.max.09,1.09E-135,5.51E-133,LibROSA
264,chromastft.std.11,1.49E-134,7.49E-132,LibROSA
290,mfcc.max.05,2.25E-130,1.13E-127,LibROSA
369,mfcc.skew.04,2.64E-129,1.33E-126,LibROSA
296,mfcc.max.11,9.09E-127,4.57E-124,LibROSA
303,mfcc.max.18,3.64E-126,1.83E-123,LibROSA
436,spectralcontrast.max.03,3.28E-124,1.65E-121,LibROSA
304,mfcc.max.19,2.78E-122,1.40E-119,LibROSA
453,spectralcontrast.median.06,4.63E-121,2.33E-118,LibROSA
359,mfcc.min.14,5.43E-121,2.73E-118,LibROSA
524,tonnetz.std.06,1.92E-117,9.64E-115,LibROSA
411,rmse.skew.01,2.27E-115,1.14E-112,LibROSA
348,mfcc.min.03,3.34E-112,1.68E-109,LibROSA
310,mfcc.mean.05,2.14E-111,1.08E-108,LibROSA
446,spectralcontrast.mean.06,2.05E-110,1.03E-107,LibROSA
473,spectralcontrast.std.05,5.83E-110,2.93E-107,LibROSA
344,mfcc.median.19,1.90E-109,9.57E-107,LibROSA
243,chromastft.skew.02,3.93E-107,1.98E-104,LibROSA
330,mfcc.median.05,3.17E-106,1.59E-103,LibROSA
318,mfcc.mean.13,1.92E-105,9.64E-103,LibROSA
324,mfcc.mean.19,2.15E-105,1.08E-102,LibROSA
504,tonnetz.median.04,4.45E-105,2.24E-102,LibROSA
338,mfcc.median.13,4.93E-104,2.48E-101,LibROSA
298,mfcc.max.13,6.31E-104,3.17E-101,LibROSA
510,tonnetz.min.04,1.01E-103,5.08E-101,LibROSA
254,chromastft.std.01,3.17E-102,1.59E-99,LibROSA
407,rmse.max.01,6.27E-102,3.15E-99,LibROSA
455,spectralcontrast.min.01,2.66E-101,1.34E-98,LibROSA
433,spectralcontrast.kurtosis.07,8.09E-101,4.07E-98,LibROSA
422,spectralcentroid.mean.01,2.83E-100,1.42E-97,LibROSA
435,spectralcontrast.max.02,1.17E-99,5.89E-97,LibROSA
460,spectralcontrast.min.06,1.57E-98,7.91E-96,LibROSA
491,tonnetz.max.03,3.86E-98,1.94E-95,LibROSA
397,mfcc.std.12,3.51E-97,1.76E-94,LibROSA
89,chromacens.std.04,4.69E-96,2.36E-93,LibROSA
511,tonnetz.min.05,1.64E-95,8.25E-93,LibROSA
350,mfcc.min.05,1.67E-95,8.40E-93,LibROSA
360,mfcc.min.15,1.24E-92,6.25E-90,LibROSA
357,mfcc.min.12,4.00E-91,2.01E-88,LibROSA
354,mfcc.min.09,1.73E-89,8.69E-87,LibROSA
356,mfcc.min.11,3.11E-88,1.56E-85,LibROSA
138,chromacqt.median.05,4.76E-88,2.39E-85,LibROSA
364,mfcc.min.19,3.60E-87,1.81E-84,LibROSA
438,spectralcontrast.max.05,1.34E-86,6.73E-84,LibROSA
492,tonnetz.max.04,3.22E-86,1.62E-83,LibROSA
88,chromacens.std.03,2.22E-85,1.12E-82,LibROSA
139,chromacqt.median.06,2.31E-84,1.16E-81,LibROSA
509,tonnetz.min.03,5.35E-84,2.69E-81,LibROSA
439,spectralcontrast.max.06,1.14E-82,5.74E-80,LibROSA
126,chromacqt.mean.05,1.84E-82,9.27E-80,LibROSA
388,mfcc.std.03,7.12E-82,3.58E-79,LibROSA
423,spectralcentroid.median.01,6.30E-81,3.17E-78,LibROSA
363,mfcc.min.18,1.15E-80,5.79E-78,LibROSA
91,chromacens.std.06,4.21E-80,2.12E-77,LibROSA
367,mfcc.skew.02,1.34E-79,6.72E-77,LibROSA
253,chromastft.skew.12,2.50E-78,1.26E-75,LibROSA
361,mfcc.min.16,1.06E-77,5.33E-75,LibROSA
531,zcr.std.01,5.56E-77,2.80E-74,LibROSA
405,mfcc.std.20,6.38E-77,3.21E-74,LibROSA
353,mfcc.min.08,1.78E-76,8.96E-74,LibROSA
342,mfcc.median.17,1.08E-75,5.42E-73,LibROSA
257,chromastft.std.04,1.36E-75,6.86E-73,LibROSA
256,chromastft.std.03,3.44E-75,1.73E-72,LibROSA
340,mfcc.median.15,9.04E-75,4.54E-72,LibROSA
96,chromacens.std.11,1.17E-74,5.90E-72,LibROSA
134,chromacqt.median.01,4.55E-74,2.29E-71,LibROSA
526,zcr.max.01,1.14E-73,5.71E-71,LibROSA
163,chromacqt.skew.06,1.21E-73,6.07E-71,LibROSA
362,mfcc.min.17,1.48E-73,7.47E-71,LibROSA
493,tonnetz.max.05,6.30E-73,3.17E-70,LibROSA
347,mfcc.min.02,1.56E-72,7.87E-70,LibROSA
372,mfcc.skew.07,8.35E-72,4.20E-69,LibROSA
512,tonnetz.min.06,9.16E-71,4.61E-68,LibROSA
127,chromacqt.mean.06,1.73E-70,8.69E-68,LibROSA
503,tonnetz.median.03,3.28E-70,1.65E-67,LibROSA
258,chromastft.std.05,1.22E-69,6.13E-67,LibROSA
322,mfcc.mean.17,1.49E-69,7.50E-67,LibROSA
320,mfcc.mean.15,3.10E-68,1.56E-65,LibROSA
92,chromacens.std.07,5.23E-68,2.63E-65,LibROSA
122,chromacqt.mean.01,3.84E-67,1.93E-64,LibROSA
93,chromacens.std.08,4.05E-67,2.04E-64,LibROSA
519,tonnetz.std.01,5.85E-66,2.94E-63,LibROSA
255,chromastft.std.02,8.45E-66,4.25E-63,LibROSA
373,mfcc.skew.08,1.02E-64,5.15E-62,LibROSA
355,mfcc.min.10,1.23E-64,6.21E-62,LibROSA
400,mfcc.std.15,3.91E-64,1.97E-61,LibROSA
173,chromacqt.std.04,5.56E-64,2.80E-61,LibROSA
259,chromastft.std.06,7.20E-64,3.62E-61,LibROSA
86,chromacens.std.01,2.70E-62,1.36E-59,LibROSA
95,chromacens.std.10,4.79E-62,2.41E-59,LibROSA
370,mfcc.skew.05,1.40E-61,7.05E-59,LibROSA
94,chromacens.std.09,9.04E-61,4.55E-58,LibROSA
404,mfcc.std.19,2.62E-60,1.32E-57,LibROSA
498,tonnetz.mean.04,2.96E-60,1.49E-57,LibROSA
180,chromacqt.std.11,3.53E-59,1.78E-56,LibROSA
144,chromacqt.median.11,1.25E-57,6.31E-55,LibROSA
476,spectralrolloff.kurtosis.01,1.94E-57,9.75E-55,LibROSA
471,spectralcontrast.std.03,2.12E-57,1.07E-54,LibROSA
97,chromacens.std.12,1.39E-56,6.97E-54,LibROSA
470,spectralcontrast.std.02,3.58E-55,1.80E-52,LibROSA
90,chromacens.std.05,2.18E-54,1.10E-51,LibROSA
87,chromacens.std.02,4.26E-53,2.14E-50,LibROSA
351,mfcc.min.06,6.35E-52,3.19E-49,LibROSA
352,mfcc.min.07,3.59E-51,1.80E-48,LibROSA
365,mfcc.min.20,4.85E-51,2.44E-48,LibROSA
142,chromacqt.median.09,1.35E-50,6.81E-48,LibROSA
125,chromacqt.mean.04,1.56E-50,7.82E-48,LibROSA
371,mfcc.skew.06,2.56E-50,1.29E-47,LibROSA
396,mfcc.std.11,5.51E-50,2.77E-47,LibROSA
262,chromastft.std.09,7.59E-50,3.82E-47,LibROSA
135,chromacqt.median.02,5.19E-49,2.61E-46,LibROSA
30,chromacens.max.05,7.22E-49,3.63E-46,LibROSA
140,chromacqt.median.07,2.80E-48,1.41E-45,LibROSA
137,chromacqt.median.04,1.84E-47,9.23E-45,LibROSA
242,chromastft.skew.01,2.77E-47,1.40E-44,LibROSA
143,chromacqt.median.10,3.94E-47,1.98E-44,LibROSA
141,chromacqt.median.08,8.31E-47,4.18E-44,LibROSA
128,chromacqt.mean.07,2.01E-46,1.01E-43,LibROSA
346,mfcc.min.01,3.52E-46,1.77E-43,LibROSA
261,chromastft.std.08,5.94E-45,2.99E-42,LibROSA
402,mfcc.std.17,1.48E-44,7.45E-42,LibROSA
37,chromacens.max.12,6.69E-44,3.36E-41,LibROSA
123,chromacqt.mean.02,7.52E-44,3.78E-41,LibROSA
466,spectralcontrast.skew.05,1.91E-42,9.62E-40,LibROSA
54,chromacens.median.05,2.27E-42,1.14E-39,LibROSA
55,chromacens.median.06,2.39E-41,1.20E-38,LibROSA
170,chromacqt.std.01,3.90E-41,1.96E-38,LibROSA
467,spectralcontrast.skew.06,6.49E-41,3.26E-38,LibROSA
434,spectralcontrast.max.01,8.72E-41,4.39E-38,LibROSA
185,chromastft.kurtosis.04,1.51E-40,7.59E-38,LibROSA
130,chromacqt.mean.09,2.01E-40,1.01E-37,LibROSA
403,mfcc.std.18,7.97E-40,4.01E-37,LibROSA
379,mfcc.skew.14,2.30E-39,1.16E-36,LibROSA
28,chromacens.max.03,4.19E-39,2.11E-36,LibROSA
133,chromacqt.mean.12,8.41E-39,4.23E-36,LibROSA
145,chromacqt.median.12,3.69E-38,1.86E-35,LibROSA
132,chromacqt.mean.11,4.45E-38,2.24E-35,LibROSA
136,chromacqt.median.03,9.42E-38,4.74E-35,LibROSA
468,spectralcontrast.skew.07,1.09E-37,5.50E-35,LibROSA
42,chromacens.mean.05,1.54E-37,7.72E-35,LibROSA
26,chromacens.max.01,3.19E-37,1.60E-34,LibROSA
29,chromacens.max.04,3.26E-37,1.64E-34,LibROSA
263,chromastft.std.10,5.83E-37,2.93E-34,LibROSA
265,chromastft.std.12,1.18E-36,5.92E-34,LibROSA
398,mfcc.std.13,2.69E-36,1.36E-33,LibROSA
162,chromacqt.skew.05,2.85E-36,1.43E-33,LibROSA
53,chromacens.median.04,7.89E-36,3.97E-33,LibROSA
159,chromacqt.skew.02,8.73E-36,4.39E-33,LibROSA
27,chromacens.max.02,9.19E-36,4.62E-33,LibROSA
43,chromacens.mean.06,1.07E-35,5.40E-33,LibROSA
178,chromacqt.std.09,1.22E-35,6.13E-33,LibROSA
497,tonnetz.mean.03,6.68E-35,3.36E-32,LibROSA
35,chromacens.max.10,7.90E-35,3.97E-32,LibROSA
287,mfcc.max.02,1.50E-34,7.56E-32,LibROSA
129,chromacqt.mean.08,2.69E-34,1.35E-31,LibROSA
124,chromacqt.mean.03,3.99E-34,2.01E-31,LibROSA
36,chromacens.max.11,4.27E-34,2.15E-31,LibROSA
131,chromacqt.mean.10,4.62E-33,2.32E-30,LibROSA
31,chromacens.max.06,1.12E-32,5.63E-30,LibROSA
507,tonnetz.min.01,1.31E-32,6.56E-30,LibROSA
244,chromastft.skew.03,2.84E-32,1.43E-29,LibROSA
41,chromacens.mean.04,2.97E-32,1.50E-29,LibROSA
374,mfcc.skew.09,3.42E-32,1.72E-29,LibROSA
34,chromacens.max.09,1.24E-31,6.21E-29,LibROSA
272,mfcc.kurtosis.07,3.02E-31,1.52E-28,LibROSA
158,chromacqt.skew.01,4.35E-31,2.19E-28,LibROSA
38,chromacens.mean.01,9.01E-31,4.53E-28,LibROSA
48,chromacens.mean.11,2.26E-30,1.14E-27,LibROSA
32,chromacens.max.07,3.29E-29,1.66E-26,LibROSA
417,spectralbandwidth.min.01,4.87E-29,2.45E-26,LibROSA
506,tonnetz.median.06,1.13E-28,5.67E-26,LibROSA
382,mfcc.skew.17,2.56E-28,1.29E-25,LibROSA
469,spectralcontrast.std.01,1.36E-27,6.84E-25,LibROSA
33,chromacens.max.08,3.91E-27,1.97E-24,LibROSA
401,mfcc.std.16,5.78E-27,2.91E-24,LibROSA
56,chromacens.median.07,8.31E-27,4.18E-24,LibROSA
179,chromacqt.std.10,1.94E-26,9.74E-24,LibROSA
44,chromacens.mean.07,7.27E-26,3.66E-23,LibROSA
60,chromacens.median.11,1.45E-25,7.28E-23,LibROSA
167,chromacqt.skew.10,1.46E-25,7.33E-23,LibROSA
181,chromacqt.std.12,2.10E-25,1.06E-22,LibROSA
502,tonnetz.median.02,2.91E-25,1.46E-22,LibROSA
496,tonnetz.mean.02,4.85E-25,2.44E-22,LibROSA
168,chromacqt.skew.11,6.55E-25,3.29E-22,LibROSA
377,mfcc.skew.12,1.01E-24,5.08E-22,LibROSA
50,chromacens.median.01,1.05E-23,5.28E-21,LibROSA
252,chromastft.skew.11,1.69E-23,8.50E-21,LibROSA
171,chromacqt.std.02,2.41E-23,1.21E-20,LibROSA
376,mfcc.skew.11,3.74E-23,1.88E-20,LibROSA
52,chromacens.median.03,6.32E-23,3.18E-20,LibROSA
409,rmse.median.01,8.07E-23,4.06E-20,LibROSA
260,chromastft.std.07,8.68E-23,4.37E-20,LibROSA
421,spectralcentroid.max.01,8.96E-23,4.51E-20,LibROSA
174,chromacqt.std.05,1.14E-22,5.72E-20,LibROSA
414,spectralbandwidth.max.01,1.43E-22,7.20E-20,LibROSA
399,mfcc.std.14,4.62E-22,2.33E-19,LibROSA
461,spectralcontrast.min.07,7.29E-22,3.67E-19,LibROSA
380,mfcc.skew.15,8.53E-22,4.29E-19,LibROSA
177,chromacqt.std.08,1.98E-21,9.97E-19,LibROSA
381,mfcc.skew.16,2.61E-21,1.31E-18,LibROSA
39,chromacens.mean.02,3.67E-21,1.85E-18,LibROSA
378,mfcc.skew.13,6.73E-21,3.38E-18,LibROSA
530,zcr.skew.01,8.51E-21,4.28E-18,LibROSA
176,chromacqt.std.07,1.37E-20,6.89E-18,LibROSA
40,chromacens.mean.03,1.40E-20,7.03E-18,LibROSA
508,tonnetz.min.02,2.78E-20,1.40E-17,LibROSA
175,chromacqt.std.06,4.03E-20,2.03E-17,LibROSA
49,chromacens.mean.12,8.68E-20,4.36E-17,LibROSA
161,chromacqt.skew.04,9.89E-20,4.97E-17,LibROSA
46,chromacens.mean.09,1.69E-19,8.50E-17,LibROSA
408,rmse.mean.01,3.24E-19,1.63E-16,LibROSA
51,chromacens.median.02,5.13E-18,2.58E-15,LibROSA
489,tonnetz.max.01,6.99E-18,3.52E-15,LibROSA
164,chromacqt.skew.07,8.36E-18,4.21E-15,LibROSA
375,mfcc.skew.10,1.53E-17,7.68E-15,LibROSA
58,chromacens.median.09,2.45E-17,1.23E-14,LibROSA
501,tonnetz.median.01,2.66E-17,1.34E-14,LibROSA
61,chromacens.median.12,3.76E-17,1.89E-14,LibROSA
474,spectralcontrast.std.06,4.76E-17,2.39E-14,LibROSA
500,tonnetz.mean.06,9.06E-17,4.56E-14,LibROSA
529,zcr.min.01,2.29E-16,1.15E-13,LibROSA
166,chromacqt.skew.09,5.07E-16,2.55E-13,LibROSA
172,chromacqt.std.03,7.78E-16,3.91E-13,LibROSA
505,tonnetz.median.05,8.00E-14,4.02E-11,LibROSA
59,chromacens.median.10,9.70E-14,4.88E-11,LibROSA
69,chromacens.min.08,5.60E-13,2.82E-10,LibROSA
499,tonnetz.mean.05,6.05E-13,3.04E-10,LibROSA
57,chromacens.median.08,8.62E-13,4.34E-10,LibROSA
45,chromacens.mean.08,2.70E-12,1.36E-09,LibROSA
47,chromacens.mean.10,4.27E-12,2.15E-09,LibROSA
79,chromacens.skew.06,8.35E-12,4.20E-09,LibROSA
480,spectralrolloff.min.01,3.71E-11,1.86E-08,LibROSA
156,chromacqt.min.11,3.81E-11,1.92E-08,LibROSA
153,chromacqt.min.08,4.23E-11,2.13E-08,LibROSA
268,mfcc.kurtosis.03,4.93E-11,2.48E-08,LibROSA
527,zcr.mean.01,5.66E-11,2.85E-08,LibROSA
108,chromacqt.kurtosis.11,2.50E-10,1.26E-07,LibROSA
495,tonnetz.mean.01,6.12E-10,3.08E-07,LibROSA
84,chromacens.skew.11,9.10E-10,4.58E-07,LibROSA
424,spectralcentroid.min.01,1.57E-09,7.90E-07,LibROSA
148,chromacqt.min.03,2.37E-09,1.19E-06,LibROSA
520,tonnetz.std.02,5.36E-09,2.69E-06,LibROSA
515,tonnetz.skew.03,2.31E-08,1.16E-05,LibROSA
83,chromacens.skew.10,4.49E-08,2.26E-05,LibROSA
384,mfcc.skew.19,1.02E-07,5.12E-05,LibROSA
157,chromacqt.min.12,1.25E-07,6.27E-05,LibROSA
528,zcr.median.01,1.38E-07,6.93E-05,LibROSA
385,mfcc.skew.20,3.35E-07,0.000168388,LibROSA
366,mfcc.skew.01,5.28E-07,0.000265726,LibROSA
165,chromacqt.skew.08,8.15E-07,0.000409795,LibROSA
63,chromacens.min.02,9.95E-07,0.00050038,LibROSA
155,chromacqt.min.10,1.11E-06,0.000558282,LibROSA
516,tonnetz.skew.04,7.20E-06,0.003619383,LibROSA
74,chromacens.skew.01,7.94E-06,0.003995556,LibROSA
486,tonnetz.kurtosis.04,8.72E-06,0.004387645,LibROSA
77,chromacens.skew.04,1.35E-05,0.006782127,LibROSA
76,chromacens.skew.03,1.85E-05,0.009299016,LibROSA
152,chromacqt.min.07,2.13E-05,0.010732776,LibROSA
282,mfcc.kurtosis.17,2.14E-05,0.010755741,LibROSA
241,chromastft.min.12,4.94E-05,0.024826234,LibROSA
494,tonnetz.max.06,5.48E-05,0.027554508,LibROSA
151,chromacqt.min.06,0.000111364,0.056015913,LibROSA
477,spectralrolloff.max.01,0.000136481,0.06865006,LibROSA
383,mfcc.skew.18,0.00025134,0.126424107,LibROSA
68,chromacens.min.07,0.000269001,0.135307565,LibROSA
81,chromacens.skew.08,0.000288783,0.145257848,LibROSA
183,chromastft.kurtosis.02,0.000304682,0.153254849,LibROSA
75,chromacens.skew.02,0.000342945,0.172501578,LibROSA
147,chromacqt.min.02,0.000470273,0.236547127,LibROSA
85,chromacens.skew.12,0.000545864,0.274569837,LibROSA
78,chromacens.skew.05,0.000662726,0.333351254,LibROSA
62,chromacens.min.01,0.001330342,0.669161811,LibROSA
169,chromacqt.skew.12,0.001434311,0.721458391,LibROSA
14,chromacens.kurtosis.01,0.186420512,1,LibROSA
15,chromacens.kurtosis.02,0.204190465,1,LibROSA
17,chromacens.kurtosis.04,0.689413276,1,LibROSA
18,chromacens.kurtosis.05,0.441751083,1,LibROSA
19,chromacens.kurtosis.06,0.053334858,1,LibROSA
20,chromacens.kurtosis.07,0.759241472,1,LibROSA
21,chromacens.kurtosis.08,0.57558715,1,LibROSA
22,chromacens.kurtosis.09,0.668603107,1,LibROSA
23,chromacens.kurtosis.10,0.92149925,1,LibROSA
24,chromacens.kurtosis.11,0.028650155,1,LibROSA
25,chromacens.kurtosis.12,0.836242316,1,LibROSA
64,chromacens.min.03,0.061050711,1,LibROSA
65,chromacens.min.04,0.154660161,1,LibROSA
66,chromacens.min.05,0.462162622,1,LibROSA
67,chromacens.min.06,0.244132215,1,LibROSA
70,chromacens.min.09,0.075659195,1,LibROSA
71,chromacens.min.10,0.06716405,1,LibROSA
72,chromacens.min.11,0.305048677,1,LibROSA
73,chromacens.min.12,0.475174919,1,LibROSA
80,chromacens.skew.07,0.078932198,1,LibROSA
82,chromacens.skew.09,0.052126333,1,LibROSA
98,chromacqt.kurtosis.01,0.0858678,1,LibROSA
99,chromacqt.kurtosis.02,0.177008834,1,LibROSA
102,chromacqt.kurtosis.05,0.068739181,1,LibROSA
103,chromacqt.kurtosis.06,0.330239086,1,LibROSA
104,chromacqt.kurtosis.07,0.312285332,1,LibROSA
106,chromacqt.kurtosis.09,0.572173864,1,LibROSA
107,chromacqt.kurtosis.10,0.461207395,1,LibROSA
110,chromacqt.max.01,0.888642977,1,LibROSA
111,chromacqt.max.02,0.932378211,1,LibROSA
113,chromacqt.max.04,0.430483745,1,LibROSA
114,chromacqt.max.05,0.818062138,1,LibROSA
115,chromacqt.max.06,0.945066938,1,LibROSA
117,chromacqt.max.08,0.269040378,1,LibROSA
118,chromacqt.max.09,0.037327,1,LibROSA
119,chromacqt.max.10,0.099087707,1,LibROSA
120,chromacqt.max.11,0.93090891,1,LibROSA
121,chromacqt.max.12,0.915993714,1,LibROSA
146,chromacqt.min.01,0.071938684,1,LibROSA
149,chromacqt.min.04,0.988469069,1,LibROSA
150,chromacqt.min.05,0.189013298,1,LibROSA
154,chromacqt.min.09,0.536801424,1,LibROSA
160,chromacqt.skew.03,0.006660663,1,LibROSA
182,chromastft.kurtosis.01,0.412051759,1,LibROSA
186,chromastft.kurtosis.05,0.973340923,1,LibROSA
190,chromastft.kurtosis.09,0.668603107,1,LibROSA
192,chromastft.kurtosis.11,0.92149925,1,LibROSA
193,chromastft.kurtosis.12,0.668603107,1,LibROSA
204,chromastft.max.11,0.668603107,1,LibROSA
230,chromastft.min.01,0.003130034,1,LibROSA
231,chromastft.min.02,0.033990286,1,LibROSA
232,chromastft.min.03,0.116184583,1,LibROSA
233,chromastft.min.04,0.806650922,1,LibROSA
234,chromastft.min.05,0.299639766,1,LibROSA
235,chromastft.min.06,0.413479511,1,LibROSA
236,chromastft.min.07,0.017644422,1,LibROSA
237,chromastft.min.08,0.318827826,1,LibROSA
238,chromastft.min.09,0.837444542,1,LibROSA
248,chromastft.skew.07,0.033792569,1,LibROSA
250,chromastft.skew.09,0.663040126,1,LibROSA
266,mfcc.kurtosis.01,0.021518547,1,LibROSA
267,mfcc.kurtosis.02,0.591853653,1,LibROSA
269,mfcc.kurtosis.04,0.030093139,1,LibROSA
270,mfcc.kurtosis.05,0.012856418,1,LibROSA
271,mfcc.kurtosis.06,0.015262103,1,LibROSA
273,mfcc.kurtosis.08,0.002902719,1,LibROSA
274,mfcc.kurtosis.09,0.006794653,1,LibROSA
275,mfcc.kurtosis.10,0.208941828,1,LibROSA
276,mfcc.kurtosis.11,0.060040521,1,LibROSA
277,mfcc.kurtosis.12,0.454174685,1,LibROSA
278,mfcc.kurtosis.13,0.022742464,1,LibROSA
279,mfcc.kurtosis.14,0.799831469,1,LibROSA
280,mfcc.kurtosis.15,0.579196149,1,LibROSA
281,mfcc.kurtosis.16,0.221731127,1,LibROSA
283,mfcc.kurtosis.18,0.093061114,1,LibROSA
284,mfcc.kurtosis.19,0.889071825,1,LibROSA
285,mfcc.kurtosis.20,0.953930254,1,LibROSA
410,rmse.min.01,0.981187089,1,LibROSA
427,spectralcontrast.kurtosis.01,0.052920319,1,LibROSA
428,spectralcontrast.kurtosis.02,0.094904942,1,LibROSA
429,spectralcontrast.kurtosis.03,0.913482006,1,LibROSA
430,spectralcontrast.kurtosis.04,0.218340301,1,LibROSA
431,spectralcontrast.kurtosis.05,0.245843112,1,LibROSA
432,spectralcontrast.kurtosis.06,0.028644376,1,LibROSA
483,tonnetz.kurtosis.01,0.300844776,1,LibROSA
484,tonnetz.kurtosis.02,0.319742485,1,LibROSA
485,tonnetz.kurtosis.03,0.87542396,1,LibROSA
487,tonnetz.kurtosis.05,0.998669952,1,LibROSA
488,tonnetz.kurtosis.06,0.959998357,1,LibROSA
490,tonnetz.max.02,0.009199936,1,LibROSA
513,tonnetz.skew.01,0.451328641,1,LibROSA
514,tonnetz.skew.02,0.150968579,1,LibROSA
517,tonnetz.skew.05,0.019551079,1,LibROSA
518,tonnetz.skew.06,0.022423603,1,LibROSA
525,zcr.kurtosis.01,0.004725168,1,LibROSA
459,spectralcontrast.min.05,3.58467847143179e-318,1.80309327113019e-315,LibROSA
212,chromastft.mean.07,4.94065645841247e-324,2.48515019858147e-321,LibROSA
449,spectralcontrast.median.02,7.78120224189774e-314,3.91394472767456e-311,LibROSA
308,mfcc.mean.03,9.55601015648446e-314,4.80667310871168e-311,LibROSA
211,chromastft.mean.06,1.09188507730915e-321,5.49218193886505e-319,LibROSA
16,chromacens.kurtosis.03,NaN,NaN,LibROSA
100,chromacqt.kurtosis.03,NaN,NaN,LibROSA
101,chromacqt.kurtosis.04,NaN,NaN,LibROSA
105,chromacqt.kurtosis.08,NaN,NaN,LibROSA
109,chromacqt.kurtosis.12,NaN,NaN,LibROSA
112,chromacqt.max.03,NaN,NaN,LibROSA
116,chromacqt.max.07,NaN,NaN,LibROSA
184,chromastft.kurtosis.03,NaN,NaN,LibROSA
187,chromastft.kurtosis.06,NaN,NaN,LibROSA
188,chromastft.kurtosis.07,NaN,NaN,LibROSA
189,chromastft.kurtosis.08,NaN,NaN,LibROSA
191,chromastft.kurtosis.10,NaN,NaN,LibROSA
194,chromastft.max.01,NaN,NaN,LibROSA
195,chromastft.max.02,NaN,NaN,LibROSA
196,chromastft.max.03,NaN,NaN,LibROSA
197,chromastft.max.04,NaN,NaN,LibROSA
198,chromastft.max.05,NaN,NaN,LibROSA
199,chromastft.max.06,NaN,NaN,LibROSA
200,chromastft.max.07,NaN,NaN,LibROSA
201,chromastft.max.08,NaN,NaN,LibROSA
202,chromastft.max.09,NaN,NaN,LibROSA
203,chromastft.max.10,NaN,NaN,LibROSA
205,chromastft.max.12,NaN,NaN,LibROSA
239,chromastft.min.10,NaN,NaN,LibROSA
240,chromastft.min.11,NaN,NaN,LibROSA
247,chromastft.skew.06,NaN,NaN,LibROSA
249,chromastft.skew.08,NaN,NaN,LibROSA
406,rmse.kurtosis.01,NaN,NaN,LibROSA
